<?xml version = '1.0' encoding = 'UTF-8'?>
<page xmlns:jrad="http://xmlns.oracle.com/jrad" xmlns:oa="http://xmlns.oracle.com/oa" xmlns:ui="http://xmlns.oracle.com/uix/ui" version="10.1.3_1268" xml:lang="en-US" xmlns:user="http://xmlns.oracle.com/jrad/user" xmlns="http://xmlns.oracle.com/jrad" file-version="$Header$">
   <content>
      <oa:pageLayout id="MainRN" amDefName="Zelar.oracle.apps.fnd.xxaut.server.UgradeToolAM" windowTitle="DB Objects Remediation" title="" controllerClass="Zelar.oracle.apps.fnd.xxaut.webui.DBObjectsRemediationCO">
         <ui:corporateBranding>
            <oa:image id="corporateBrandingImage" source="/OA_MEDIA/FNDSSCORP.gif"/>
         </ui:corporateBranding>
         <ui:contents>
            <oa:header id="HeaderRN" text="Search">
               <ui:contents>
                  <oa:spacer id="item136351" height="10" width="10"/>
                  <oa:rowLayout id="region1">
                     <ui:contents>
                        <oa:messageTextInput id="UserName" prompt="User Name:" queryable="true"/>
                        <oa:spacer id="item13634" width="40"/>
                        <oa:messageTextInput id="UserActivityName" prompt="User Activity Name:" queryable="true"/>
                        <oa:spacer id="item13633" width="40"/>
                        <oa:messageTextInput id="FromDate" dataType="DATE" prompt="From Date:"/>
                        <oa:spacer id="item13632" width="40"/>
                        <oa:messageTextInput id="ToDate" prompt="To Date:" dataType="DATE"/>
                        <oa:spacer id="item13631" width="40"/>
                        <oa:submitButton id="Search" text="Search" prompt="Search" serverUnvalidated="true" unvalidated="true"/>
                        <oa:spacer id="item1363" width="20"/>
                        <oa:submitButton id="Cancle" text="Clear" prompt="Clear" serverUnvalidated="true" unvalidated="true"/>
                     </ui:contents>
                  </oa:rowLayout>
                  <oa:spacer id="item13635" height="15"/>
                  <oa:table id="SearchVO12" width="50">
                     <ui:contents>
                        <oa:messageStyledText id="UserActivityName2" dataType="VARCHAR2" prompt="UserActivityName" viewName="SearchVO1" viewAttr="UserActivityName" maximumLength="100"/>
                        <oa:messageStyledText id="UserName2" dataType="VARCHAR2" prompt="UserName" viewName="SearchVO1" viewAttr="UserName" maximumLength="100"/>
                        <oa:messageStyledText id="CreationDate" dataType="DATE" prompt="CreationDate" viewName="SearchVO1" viewAttr="CreationDate"/>
                     </ui:contents>
                  </oa:table>
               </ui:contents>
            </oa:header>
            <oa:spacer id="item136352" height="10"/>
            <oa:defaultSingleColumn id="region3" text="DB Objects Remediation">
               <ui:contents>
                  <oa:spacer id="item136353" height="10"/>
                  <oa:messageTextInput id="UsrActivityName" prompt="User Activity Name:" columns="50" required="yes"/>
                  <oa:messageTextInput id="UsrName" prompt="User Name:" columns="50"/>
                  <oa:messageTextInput id="DBUsernamePassword" prompt="DB Username/Password:" columns="50" required="yes"/>
                  <oa:messageTextInput id="CustomSchema" prompt="Custom Schema:" columns="50" required="yes"/>
                  <oa:messageChoice id="ObjectTypes" prompt="Object Types:" required="yes" pickListViewDef="Zelar.oracle.apps.fnd.xxaut.server.AssessmentObjTpyVO" pickListDispAttr="PoplistObj" pickListValAttr="PoplistObj"/>
                  <oa:messageTextInput id="ObjectName" prompt="Object Name:" rendered="false" columns="50"/>
                  <oa:messageTextInput id="SchemaName" prompt="Schema Name:" rendered="false" columns="50"/>
                  <oa:messageTextInput id="DestinationDirectory" prompt="Destination Directory:" columns="50" required="yes"/>
                  <oa:messageTextInput id="RemediationFileName" prompt="Remediation File Name:" columns="50" required="yes"/>
                  <oa:pageButtonBar id="region4">
                     <ui:contents>
                        <oa:spacer id="item1362" width="220"/>
                        <oa:submitButton id="Clear" text="Clear" prompt="Clear" serverUnvalidated="true" unvalidated="true"/>
                        <oa:submitButton id="Submit" text="Submit" prompt="Submit"/>
                     </ui:contents>
                  </oa:pageButtonBar>
               </ui:contents>
            </oa:defaultSingleColumn>
         </ui:contents>
      </oa:pageLayout>
   </content>
</page>
