<?xml version = '1.0' encoding = 'UTF-8'?>
<page xmlns:jrad="http://xmlns.oracle.com/jrad" xmlns:oa="http://xmlns.oracle.com/oa" xmlns:ui="http://xmlns.oracle.com/uix/ui" version="10.1.3_1268" xml:lang="en-US" xmlns:user="http://xmlns.oracle.com/jrad/user" xmlns="http://xmlns.oracle.com/jrad" file-version="$Header$">
   <content>
      <oa:pageLayout id="MainRN" amDefName="Zelar.oracle.apps.fnd.xxaut.server.UgradeToolAM" windowTitle="File System Objects Remediation" title="" controllerClass="Zelar.oracle.apps.fnd.xxaut.webui.FileSysObjRemediationCO">
         <ui:corporateBranding>
            <oa:image id="corporateBrandingImage" source="/OA_MEDIA/FNDSSCORP.gif"/>
         </ui:corporateBranding>
         <ui:contents>
            <oa:header id="HeaderRN" text="">
               <ui:contents>
                  <oa:defaultSingleColumn id="region1" text="File System Objects Remediation">
                     <ui:contents>
                        <oa:messageTextInput id="DBUsernamePassword" prompt="DB Username/Password:" columns="40" required="yes"/>
                        <oa:messageChoice id="ObjectType" prompt="Object  Type:" required="yes" pickListViewDef="Zelar.oracle.apps.fnd.xxaut.server.ObjectTypePopListVO" pickListViewName="" pickListDispAttr="PoplistItems" pickListValAttr="PoplistItems" styleClass="OraFieldText"/>
                        <oa:messageChoice id="FileTypeRiceW" prompt="File Type(RICEW):" required="yes" pickListViewDef="Zelar.oracle.apps.fnd.xxaut.server.FileTyppoplistVO" pickListDispAttr="PoplistFiletype" pickListValAttr="PoplistFiletype"/>
                        <oa:messageTextInput id="FilePrefix" prompt="File Prefix:" columns="40"/>
                        <oa:messageTextInput id="CustomTop" prompt="Custom Top:" columns="40" required="yes"/>
                        <oa:messageTextInput id="ConvertTargetPath" prompt="Convert Path (Target Path):" columns="40" required="yes"/>
                        <oa:messageTextInput id="RemediationPathTargetPath" prompt="Remediation Path (Target Path):" columns="40" required="yes"/>
                        <oa:messageTextInput id="InstanceVersion" prompt="Instance Version:" columns="40" required="yes"/>
                        <oa:pageButtonBar id="region2">
                           <ui:contents>
                              <oa:spacer id="item12" width="220"/>
                              <oa:submitButton id="Clear" text="Clear" prompt="Clear"/>
                              <oa:submitButton id="Submit" text="Submit" prompt="Submit"/>
                           </ui:contents>
                        </oa:pageButtonBar>
                     </ui:contents>
                  </oa:defaultSingleColumn>
               </ui:contents>
            </oa:header>
         </ui:contents>
      </oa:pageLayout>
   </content>
</page>
