<?xml version = '1.0' encoding = 'UTF-8'?>
<page xmlns:jrad="http://xmlns.oracle.com/jrad" xmlns:oa="http://xmlns.oracle.com/oa" xmlns:ui="http://xmlns.oracle.com/uix/ui" version="10.1.3_1268" xml:lang="en-US" xmlns:user="http://xmlns.oracle.com/jrad/user" xmlns="http://xmlns.oracle.com/jrad" file-version="$Header$">
   <content>
      <oa:pageLayout id="MainRN" amDefName="Zelar.oracle.apps.fnd.xxaut.server.UgradeToolAM" windowTitle="Single Object Remediation" title="" controllerClass="Zelar.oracle.apps.fnd.xxaut.webui.SingleObjectRemediationCO">
         <ui:corporateBranding>
            <oa:image id="corporateBrandingImage" source="/OA_MEDIA/FNDSSCORP.gif"/>
         </ui:corporateBranding>
         <ui:contents>
            <oa:header id="HeaderRN" text="">
               <ui:contents>
                  <oa:defaultSingleColumn id="region1" text="Single Object Remediation">
                     <ui:contents>
                        <oa:messageTextInput id="DBUsernamePassword" prompt="DB Username/Password:" columns="50" required="yes"/>
                        <oa:messageTextInput id="ObjectType" prompt="Object Type:" columns="50" required="yes"/>
                        <oa:messageTextInput id="ObjectName" prompt="Object Name:" columns="50" required="yes"/>
                        <oa:messageTextInput id="CustomSchema" prompt="Custom Schema:" columns="50"/>
                        <oa:messageTextInput id="ApplicationObjectSchemaObject" prompt="Application Object/Schema Object:" columns="50"/>
                        <oa:messageTextInput id="DestinationDirectory" prompt="Destination Directory:" columns="50"/>
                        <oa:messageTextInput id="RemediationFileName" prompt="Remediation File Name:" columns="50"/>
                        <oa:messageTextInput id="InstanceVersion" prompt="Instance Version:" columns="50" required="yes"/>
                        <oa:messageTextInput id="UserActivityName" prompt="User Activity Name:" rendered="true" columns="50"/>
                        <oa:messageTextInput id="UserName" prompt="User Name:" rendered="true" columns="50"/>
                        <oa:pageButtonBar id="region2">
                           <ui:contents>
                              <oa:spacer id="item12" width="250"/>
                              <oa:submitButton id="Clear" text="Clear" prompt="Clear"/>
                              <oa:submitButton id="Submit" text="Submit" prompt="Submit"/>
                           </ui:contents>
                        </oa:pageButtonBar>
                     </ui:contents>
                  </oa:defaultSingleColumn>
               </ui:contents>
            </oa:header>
         </ui:contents>
      </oa:pageLayout>
   </content>
</page>
