<?xml version = '1.0' encoding = 'UTF-8'?>
<page xmlns:jrad="http://xmlns.oracle.com/jrad" xmlns:oa="http://xmlns.oracle.com/oa" xmlns:ui="http://xmlns.oracle.com/uix/ui" version="10.1.3_1268" xml:lang="en-US" xmlns:user="http://xmlns.oracle.com/jrad/user" xmlns="http://xmlns.oracle.com/jrad" file-version="$Header$">
   <content>
      <oa:pageLayout id="MainRN" amDefName="Zelar.oracle.apps.fnd.xxaut.server.UgradeToolAM" windowTitle="Assessment" title="" controllerClass="Zelar.oracle.apps.fnd.xxaut.webui.AssessmentCO">
         <ui:corporateBranding>
            <oa:image id="corporateBrandingImage" source="/OA_MEDIA/FNDSSCORP.gif"/>
         </ui:corporateBranding>
         <ui:contents>
            <oa:header id="HeaderRN" text="Search">
               <ui:contents>
                  <oa:spacer id="item15132" height="10" width="10"/>
                  <oa:rowLayout id="region1">
                     <ui:contents>
                        <oa:messageTextInput id="UserName" prompt="User Name:" queryable="false"/>
                        <oa:spacer id="item149" width="40"/>
                        <oa:messageTextInput id="UserActivityName" prompt="User Activity Name:" queryable="false"/>
                        <oa:spacer id="item150" width="40"/>
                        <oa:messageTextInput id="FromDate" dataType="DATE" prompt="From Date:"/>
                        <oa:spacer id="item1511" width="40"/>
                        <oa:messageTextInput id="ToDate" dataType="DATE" prompt="To Date:"/>
                        <oa:spacer id="item151" width="40"/>
                        <oa:submitButton id="Search" text="Search" prompt="Search" serverUnvalidated="true" unvalidated="true"/>
                        <oa:spacer id="item1512" width="20"/>
                        <oa:submitButton id="Cancle" text="Clear" prompt="Clear" serverUnvalidated="true" unvalidated="true"/>
                     </ui:contents>
                  </oa:rowLayout>
                  <oa:spacer id="item1513" height="10" width="5"/>
                  <oa:table id="AssessmentSearchVO12" width="50">
                     <ui:contents>
                        <oa:messageStyledText id="UserActivityName2" dataType="VARCHAR2" prompt="UserActivityName" viewName="AssessmentSearchVO1" viewAttr="UserActivityName" maximumLength="100"/>
                        <oa:messageStyledText id="UserName2" dataType="VARCHAR2" prompt="UserName" viewName="AssessmentSearchVO1" viewAttr="UserName" maximumLength="100"/>
                        <oa:messageStyledText id="CreationDate" dataType="DATE" prompt="CreationDate" viewName="AssessmentSearchVO1" viewAttr="CreationDate"/>
                     </ui:contents>
                  </oa:table>
               </ui:contents>
            </oa:header>
            <oa:spacer id="item15133" height="10"/>
            <oa:defaultSingleColumn id="region3" text="Assessment">
               <ui:contents>
                  <oa:spacer id="item15134" height="10"/>
                  <oa:messageTextInput id="UsrActivityName" prompt="User Activity Name:" columns="40" required="yes"/>
                  <oa:messageTextInput id="UsrName" prompt="User Name:" columns="40" required="yes"/>
                  <oa:messageTextInput id="ClientName" prompt="Client Name:" columns="40" required="yes"/>
                  <oa:messageTextInput id="ObjectPrefix" prompt="Object Prefix:" columns="40"/>
                  <oa:messageChoice id="ObjectType" prompt="Object Type:" required="yes" pickListViewDef="Zelar.oracle.apps.fnd.xxaut.server.AssessmentObjTpyVO" pickListDispAttr="PoplistObj" pickListValAttr="PoplistObj"/>
                  <oa:messageTextInput id="SchemaName" prompt="Schema Name:" columns="40"/>
                  <oa:messageTextInput id="ExcludeSchema" prompt="Exclude Schema:" columns="40"/>
                  <oa:messageTextInput id="DirectoryName" prompt="Directory Name:" columns="40" required="yes"/>
                  <oa:messageChoice id="PurgrOldAssessmentData" prompt="Purgr Old Assessment Data:" pickListViewDef="Zelar.oracle.apps.fnd.xxaut.server.PurgeDataPopListVO" pickListDispAttr="Poplist" pickListValAttr="Poplist"/>
                  <oa:pageButtonBar id="region4">
                     <ui:contents>
                        <oa:spacer id="item148" width="230" height="20"/>
                        <oa:submitButton id="Clear" text="Clear" prompt="Clear" serverUnvalidated="true" unvalidated="true"/>
                        <oa:submitButton id="Submit" text="Submit" prompt="Submit" serverUnvalidated="false" unvalidated="false"/>
                     </ui:contents>
                  </oa:pageButtonBar>
               </ui:contents>
            </oa:defaultSingleColumn>
         </ui:contents>
      </oa:pageLayout>
   </content>
</page>
