<?xml version='1.0' encoding='windows-1252' ?>
<!DOCTYPE ViewObject SYSTEM "jbo_03_01.dtd">

<ViewObject
   Name="AssessmentObjTpyVO"
   BindingStyle="OracleName"
   CustomQuery="true"
   RowClass="oracle.apps.fnd.framework.server.OAViewRowImpl"
   ComponentClass="Zelar.oracle.apps.fnd.xxaut.server.AssessmentObjTpyVOImpl"
   UseGlueCode="false" >
   <SQLQuery><![CDATA[
SELECT  'All' poplist_obj
FROM     DUAL
UNION
SELECT  'Table'
FROM     DUAL
UNION
SELECT  'Procedure'
FROM     DUAL
UNION
SELECT  'Function'
FROM     DUAL
UNION
SELECT  'Package'
FROM     DUAL
UNION
SELECT  'Package Body'
FROM     DUAL
UNION
SELECT  'Package'
FROM     DUAL
UNION
SELECT  'Trigger'
FROM     DUAL
UNION
SELECT  'Synonym'
FROM     DUAL
UNION
SELECT  'Materialized View'
FROM     DUAL
UNION
SELECT  'View'
FROM     DUAL
UNION
SELECT  'Index'
FROM     DUAL  
UNION
SELECT  'Sequence'
FROM     DUAL
   ]]></SQLQuery>
   <DesignTime>
      <Attr Name="_isExpertMode" Value="true" />
      <Attr Name="_version" Value="10.1.3.41.57" />
      <Attr Name="_codeGenFlag2" Value="Access|Coll|VarAccess" />
   </DesignTime>
   <ViewAttribute
      Name="PoplistObj"
      IsUpdateable="false"
      IsPersistent="false"
      Precision="17"
      Type="java.lang.String"
      ColumnType="VARCHAR2"
      AliasName="POPLIST_OBJ"
      Expression="POPLIST_OBJ"
      SQLType="VARCHAR" >
      <DesignTime>
         <Attr Name="_DisplaySize" Value="17" />
      </DesignTime>
   </ViewAttribute>
</ViewObject>
