<?xml version='1.0' encoding='windows-1252' ?>
<!DOCTYPE ViewObject SYSTEM "jbo_03_01.dtd">

<ViewObject
   Name="FileTyppoplistVO"
   BindingStyle="OracleName"
   CustomQuery="true"
   RowClass="oracle.apps.fnd.framework.server.OAViewRowImpl"
   ComponentClass="Zelar.oracle.apps.fnd.xxaut.server.FileTyppoplistVOImpl"
   UseGlueCode="false" >
   <SQLQuery><![CDATA[
SELECT  'rex' poplist_filetype
FROM     DUAL
UNION
SELECT  'prog'
FROM     DUAL
UNION
SELECT  'sh'
FROM     DUAL
UNION
SELECT  'fmt'
FROM     DUAL
UNION
SELECT  'ldt'
FROM     DUAL
UNION
SELECT  'sql'
FROM     DUAL
UNION
SELECT  'txt'
FROM     DUAL
UNION
SELECT  'ctl'
FROM     DUAL
   ]]></SQLQuery>
   <DesignTime>
      <Attr Name="_isExpertMode" Value="true" />
      <Attr Name="_version" Value="10.1.3.41.57" />
      <Attr Name="_codeGenFlag2" Value="Access|Coll|VarAccess" />
   </DesignTime>
   <ViewAttribute
      Name="PoplistFiletype"
      IsUpdateable="false"
      IsPersistent="false"
      Precision="4"
      Type="java.lang.String"
      ColumnType="VARCHAR2"
      AliasName="POPLIST_FILETYPE"
      Expression="POPLIST_FILETYPE"
      SQLType="VARCHAR" >
      <DesignTime>
         <Attr Name="_DisplaySize" Value="4" />
      </DesignTime>
   </ViewAttribute>
</ViewObject>
