<?xml version='1.0' encoding='windows-1252' ?>
<!DOCTYPE ViewObject SYSTEM "jbo_03_01.dtd">

<ViewObject
   Name="ObjectTypePopListVO"
   BindingStyle="OracleName"
   CustomQuery="true"
   RowClass="oracle.apps.fnd.framework.server.OAViewRowImpl"
   ComponentClass="Zelar.oracle.apps.fnd.xxaut.server.ObjectTypePopListVOImpl"
   UseGlueCode="false" >
   <SQLQuery><![CDATA[
SELECT  'REPORT' poplist_items
FROM     DUAL
UNION
SELECT  'FORM'
FROM     DUAL
UNION
SELECT  'FILE SYSTEM OBJECTS'
FROM     DUAL
   ]]></SQLQuery>
   <DesignTime>
      <Attr Name="_isExpertMode" Value="true" />
      <Attr Name="_version" Value="10.1.3.41.57" />
      <Attr Name="_codeGenFlag2" Value="Access|Coll|VarAccess" />
   </DesignTime>
   <ViewAttribute
      Name="PoplistItems"
      IsUpdateable="false"
      IsPersistent="false"
      Precision="19"
      Type="java.lang.String"
      ColumnType="VARCHAR2"
      AliasName="POPLIST_ITEMS"
      Expression="POPLIST_ITEMS"
      SQLType="VARCHAR" >
      <DesignTime>
         <Attr Name="_DisplaySize" Value="19" />
      </DesignTime>
   </ViewAttribute>
</ViewObject>
