<?xml version='1.0' encoding='windows-1252' ?>
<!DOCTYPE ViewObject SYSTEM "jbo_03_01.dtd">

<ViewObject
   Name="PurgeDataPopListVO"
   BindingStyle="OracleName"
   CustomQuery="true"
   RowClass="oracle.apps.fnd.framework.server.OAViewRowImpl"
   ComponentClass="Zelar.oracle.apps.fnd.xxaut.server.PurgeDataPopListVOImpl"
   UseGlueCode="false" >
   <SQLQuery><![CDATA[
SELECT  'N' poplist
FROM     DUAL
UNION
SELECT  'Y'
FROM     DUAL
   ]]></SQLQuery>
   <DesignTime>
      <Attr Name="_isExpertMode" Value="true" />
      <Attr Name="_version" Value="10.1.3.41.57" />
      <Attr Name="_codeGenFlag2" Value="Access|Coll|VarAccess" />
   </DesignTime>
   <ViewAttribute
      Name="Poplist"
      IsUpdateable="false"
      IsPersistent="false"
      Precision="1"
      Type="java.lang.String"
      ColumnType="CHAR"
      AliasName="POPLIST"
      Expression="POPLIST"
      SQLType="VARCHAR" >
      <DesignTime>
         <Attr Name="_DisplaySize" Value="1" />
      </DesignTime>
   </ViewAttribute>
</ViewObject>
