<?xml version='1.0' encoding='windows-1252' ?>
<!DOCTYPE JboPackage SYSTEM "jbo_03_01.dtd">

<JboPackage
   Name="server"
   SeparateXMLFiles="true"
   PackageName="Zelar.oracle.apps.fnd.xxaut.server" >
   <DesignTime>
      <Attr Name="_ejbPackage" Value="false" />
      <Attr Name="_version" Value="10.1.3.41.57" />
   </DesignTime>
   <Containee
      Name="AssessmentObjTpyVO"
      FullName="Zelar.oracle.apps.fnd.xxaut.server.AssessmentObjTpyVO"
      ObjectType="ViewObject" >
   </Containee>
   <Containee
      Name="AssessmentSearchVO"
      FullName="Zelar.oracle.apps.fnd.xxaut.server.AssessmentSearchVO"
      ObjectType="ViewObject" >
   </Containee>
   <Containee
      Name="FileTyppoplistVO"
      FullName="Zelar.oracle.apps.fnd.xxaut.server.FileTyppoplistVO"
      ObjectType="ViewObject" >
   </Containee>
   <Containee
      Name="ObjectTypePopListVO"
      FullName="Zelar.oracle.apps.fnd.xxaut.server.ObjectTypePopListVO"
      ObjectType="ViewObject" >
   </Containee>
   <Containee
      Name="PurgeDataPopListVO"
      FullName="Zelar.oracle.apps.fnd.xxaut.server.PurgeDataPopListVO"
      ObjectType="ViewObject" >
   </Containee>
   <Containee
      Name="SearchVO"
      FullName="Zelar.oracle.apps.fnd.xxaut.server.SearchVO"
      ObjectType="ViewObject" >
   </Containee>
   <Containee
      Name="UgradeToolAM"
      FullName="Zelar.oracle.apps.fnd.xxaut.server.UgradeToolAM"
      ObjectType="AppModule" >
   </Containee>
</JboPackage>
